hash,from,to,value,timestamp
0x0aec27e09a3c5a3474b9f58b2bad61e93c2b46566c092fbc1a27f50dd5495628,0xd3a22590f8243f8e83ac230d1842c9af0404c4a1,0x0d8ce2a99bb6e3b7db580ed848240e4a0f9ae153,0,1738310162
0x9a232c8fe83c0cf8e0dd042a36bc0c3af88b29b04098c5c0623bc6239ec4aa54,0x08439901c2bb071cd0812ed329675c9657434083,0xd3a22590f8243f8e83ac230d1842c9af0404c4a1,4846690000000000000000,1738062029
0x3e025f30119ec86bdddd83777f33bf7fdaacc48e495072dea8a1e84b29f7680f,0xd3a22590f8243f8e83ac230d1842c9af0404c4a1,0x55d398326f99059ff775485246999027b3197955,0,1737961174
0x8c272788edbbd09ec73cd4cd410696c7ee5ccd46f29d10c95e7e114b6b0a8439,0x08439901c2bb071cd0812ed329675c9657434083,0xd3a22590f8243f8e83ac230d1842c9af0404c4a1,4895959000000000000000,1737873630
0x4a8aa204f619e1ffe0274bb23eef6858cc0c21c51c01e8ea906ac6026d362690,0xd3a22590f8243f8e83ac230d1842c9af0404c4a1,0x55d398326f99059ff775485246999027b3197955,0,1737714471
0x77b8c7d3fba4d2c12c5daf47e85829408805a43b36bd99c7cad6e12b2c8b6344,0xd3a22590f8243f8e83ac230d1842c9af0404c4a1,0xba2ae424d960c26247dd6c32edc70b295c744c43,0,1737533429
0xe156a18d6333b7adb2b3a182443a9cd6573bd46a0272c35a1f5bc2bf314e79d7,0xd3a22590f8243f8e83ac230d1842c9af0404c4a1,0x55d398326f99059ff775485246999027b3197955,0,1737470241
0x738d3c05d4afb172e3a1d50a8cee8c00368a1e13a0ed78712968d8001ac47a7f,0x084384853199d910d35a0730208af2e5d4234083,0xd3a22590f8243f8e83ac230d1842c9af0404c4a1,4000000000000,1737345552
0x424fb1d05452dfa5bad8481f13cd0aee19a85e7142dd103e6a91558a864b0bb7,0xd3a22590f8243f8e83ac230d1842c9af0404c4a1,0x08439901c2bb071cd0812ed329675c9657434083,4000000000000000000000,1737345522
0xa7b817a40e232c69ea90cc9d8d8d62168fe10250fef6321bbb61578bc263eb6d,0xd3a22590f8243f8e83ac230d1842c9af0404c4a1,0x7130d2a12b9bcbfae4f2634d864a1ee1ce3ead9c,0,1737345477
0xf59f99abb631f9c326f117391ddf3a2f0023680a0ff40e3ccc1ede1d4f82ab28,0xd3a22590f8243f8e83ac230d1842c9af0404c4a1,0x55d398326f99059ff775485246999027b3197955,0,1737108619
0x944612c3b0a13cfcc2701fa98d7147e7a2df28113da8d175caa82333ae03e464,0xd3a22590f8243f8e83ac230d1842c9af0404c4a1,0x55d398326f99059ff775485246999027b3197955,0,1736843572
0x393128479c09f04d21fa2b2bd75c73325b196c142fba364ce3ce3ec7f5360bee,0xd3a22590f8243f8e83ac230d1842c9af0404c4a1,0x55d398326f99059ff775485246999027b3197955,0,1736150080
0x3d7825d10bc034ca3fc483715b28989882c45504c9683a94564cffaca1af31a8,0xd3a22590f8243f8e83ac230d1842c9af0404c4a1,0x55d398326f99059ff775485246999027b3197955,0,1735893416
0x9cb439af2a0e756cbbac82a29b015d07650a87242beda3020566bcaf9cc563d8,0xd3a22590f8243f8e83ac230d1842c9af0404c4a1,0x55d398326f99059ff775485246999027b3197955,0,1735805293
0x7b274a2717dba0350b46ead4c410529ee32fd24d035420b8f569805b9f996c99,0xd3a22590f8243f8e83ac230d1842c9af0404c4a1,0x55d398326f99059ff775485246999027b3197955,0,1735631239
0x086e78da2be9d3168943920ed9c8cd8dc84f5bde1133153bece993588dd3369a,0xd3a22590f8243f8e83ac230d1842c9af0404c4a1,0x55d398326f99059ff775485246999027b3197955,0,1735573960
0xff2cc75b79988308d7a30b52ff779eba1c64c3558d7d2b7c41c8b560351267b8,0xd3a22590f8243f8e83ac230d1842c9af0404c4a1,0x55d398326f99059ff775485246999027b3197955,0,1735194854
0x2e5d0d7a43db145eb467eeb7facfaa909eb4aefaeac40ab3c92e7d865d459b52,0xd3a22590f8243f8e83ac230d1842c9af0404c4a1,0x55d398326f99059ff775485246999027b3197955,0,1735118753
0xbb5930e998f0f9c0f23c19776a7152518552e1c339382fa97bdd9e5dba39c615,0xd3a22590f8243f8e83ac230d1842c9af0404c4a1,0xf8a0bf9cf54bb92f17374d9e9a321e6a111a51bd,0,1734948635
